{"Unrelated": 0.826271186440678, "Consistent": 0.8625000000000002, "Indirect inconsistency": 0.7480446927374302, "Factual inconsistency": 0.717622950819672, "Surface contradiction": 0.7924408014571951, "total": 0.7833333333333333}