{"Unrelated": 0.6958469107810558, "Consistent": 0.7616567312653807, "Indirect inconsistency": 0.5433668147646646, "Factual inconsistency": 0.5024280242616284, "Surface contradiction": 0.6261453783606141, "total": 0.6137141328315575}